INSERT INTO User_account values('schafezp','changething','Admin','2001-02-16 20:38:40','2001-02-16 20:38:40');
INSERT INTO User_account values('zamanmm','otherthing','Mod','2012-02-16 20:38:40','2001-02-16 20:38:40');
INSERT INTO User_account values('jiangx1','otherthing','User','2012-02-16 20:38:40','2001-02-16 20:38:40');
INSERT INTO User_account values('vanpelwc','1AlautLrbWPBQsvpNIf6','User','2012-02-16 20:38:40','2001-02-16 20:38:40');
INSERT INTO Category values('General','schafezp','2014-02-16 12:30:40');
INSERT INTO Category values('Help','schafezp','2015-02-16 12:30:40');
INSERT INTO Category values('NSFW','schafezp','2015-02-16 12:30:40');
INSERT INTO Category values('/b/','schafezp','2015-02-16 12:30:40');
INSERT INTO Thread values('A collection of one liners','zamanmm','2016-02-16 12:30:40');
INSERT INTO Thread values('My node adventures','jiangx1','2016-04-10 04:30:00');
INSERT INTO Thread values('Intro to threads','schafezp','2016-04-10 04:30:00');
INSERT INTO Thread values('General','schafezp','2016-04-10 04:30:00');
INSERT INTO Thread values('Zombie Squirrel','zamanmm','2016-04-10 04:20:00');
INSERT INTO Thread values('Internet stuff','zamanmm','2016-05-10 04:21:00');
INSERT INTO Thread values('Orange waffles','zamanmm','2016-04-8 04:23:00');
INSERT INTO Thread values('You dont want to know','jiangx1','2016-04-8 04:23:00');

INSERT INTO CategoryHasThread values('General','Internet stuff');
INSERT INTO CategoryHasThread values('Help','Intro to threads');
INSERT INTO CategoryHasThread values('NSFW','Zombie Squirrel');
INSERT INTO CategoryHasThread values('NSFW','Orange waffles');
INSERT INTO CategoryHasThread values('/b/','You dont want to know');
-- INSERT INTO ThreadHasCategory values('JS fun things','My node adventures');
-- INSERT INTO ThreadHasCategory values('SQL useful files','SQL backing up postgres');
